baseline,sharpe,ann_return,ann_vol
equal_weight_market_excess,0.9031975778312556,0.16084731175743083,0.17808651806136921
random_signal_mean(10),-0.7886419377370876,,0.1610334998007177
