baseline,sharpe,ann_return,ann_vol
equal_weight_market_excess,0.8609471475100784,0.16190171110880883,0.18805069692958545
random_signal_mean(10),-0.702104321736006,,0.17943933949083388
