baseline,sharpe,ann_return,ann_vol
equal_weight_market_excess,0.9031975691094343,0.16084731149539472,0.17808651949095974
random_signal_mean(10),-0.7886426591766742,,0.1610335254052553
