method,oos_sharpe_net,oos_ann_return,oos_ann_vol,oos_max_drawdown,oos_n_days
learned_linucb,-0.04793643803758646,-0.009215378141294453,0.19224161240492613,-0.47480972725072634,3250
equal_weight,-0.23279159024086413,-0.029500174866412692,0.12672354201408023,-0.47578171248025736,3250
mean_variance,-0.5628799514781184,-0.03721852142144836,0.06612159719619222,-0.45713282771043184,3250
