method,oos_sharpe_net,oos_ann_return,oos_ann_vol,oos_max_drawdown,oos_n_days
mean_variance,0.6453403759013512,0.041386089847295346,0.0641306377111321,-0.14855765923171005,3250
equal_weight,-0.5236917383884047,-0.057805257921824636,0.11038031285296393,-0.5986760629095284,3250
learned_linucb,-0.865747252372603,-0.16750651248710102,0.19348200300728077,-0.9189671620695257,3250
