slice,sharpe_net,n_days
pre_2020,0.05008662232178923,2244
post_2020,-0.07351521804109039,1236
cost_0.0bps,0.0700850653387913,3501
cost_5.0bps,0.04095734788701497,3501
cost_10.0bps,0.011826436336097954,3501
cost_20.0bps,-0.04642016609410239,3501
