slice,sharpe_net,n_days
pre_2020,1.2722578774823783,2478
post_2020,-0.19525482004229555,1236
cost_0.0bps,0.6079363087922012,3735
cost_5.0bps,0.5698672080711213,3735
cost_10.0bps,0.5317445651216269,3735
cost_20.0bps,0.455394580766727,3735
